"LOCATION","INDICATOR","SUBJECT","MEASURE","FREQUENCY","TIME","Value","Flag Codes"
"USA","CLI","AMPLITUD","LTRENDIDX","M","1955-01",101.2962,
"USA","CLI","AMPLITUD","LTRENDIDX","M","1955-02",101.6487,
"USA","CLI","AMPLITUD","LTRENDIDX","M","1955-03",101.9413,
"USA","CLI","AMPLITUD","LTRENDIDX","M","1955-04",102.1489,
"USA","CLI","AMPLITUD","LTRENDIDX","M","1955-05",102.2737,
"USA","CLI","AMPLITUD","LTRENDIDX","M","1955-06",102.3219,
"USA","CLI","AMPLITUD","LTRENDIDX","M","1955-07",102.3337,
"USA","CLI","AMPLITUD","LTRENDIDX","M","1955-08",102.3272,
"USA","CLI","AMPLITUD","LTRENDIDX","M","1955-09",102.3097,
"USA","CLI","AMPLITUD","LTRENDIDX","M","1955-10",102.2669,
"USA","CLI","AMPLITUD","LTRENDIDX","M","1955-11",102.166,
"USA","CLI","AMPLITUD","LTRENDIDX","M","1955-12",101.9853,
"USA","CLI","AMPLITUD","LTRENDIDX","M","1956-01",101.7172,
"USA","CLI","AMPLITUD","LTRENDIDX","M","1956-02",101.4012,
"USA","CLI","AMPLITUD","LTRENDIDX","M","1956-03",101.0843,
"USA","CLI","AMPLITUD","LTRENDIDX","M","1956-04",100.7859,
"USA","CLI","AMPLITUD","LTRENDIDX","M","1956-05",100.5234,
"USA","CLI","AMPLITUD","LTRENDIDX","M","1956-06",100.341,
"USA","CLI","AMPLITUD","LTRENDIDX","M","1956-07",100.2708,
"USA","CLI","AMPLITUD","LTRENDIDX","M","1956-08",100.3143,
"USA","CLI","AMPLITUD","LTRENDIDX","M","1956-09",100.4202,
"USA","CLI","AMPLITUD","LTRENDIDX","M","1956-10",100.5306,
"USA","CLI","AMPLITUD","LTRENDIDX","M","1956-11",100.6013,
"USA","CLI","AMPLITUD","LTRENDIDX","M","1956-12",100.5885,
"USA","CLI","AMPLITUD","LTRENDIDX","M","1957-01",100.4731,
"USA","CLI","AMPLITUD","LTRENDIDX","M","1957-02",100.3,
"USA","CLI","AMPLITUD","LTRENDIDX","M","1957-03",100.0713,
"USA","CLI","AMPLITUD","LTRENDIDX","M","1957-04",99.82009,
"USA","CLI","AMPLITUD","LTRENDIDX","M","1957-05",99.57751,
"USA","CLI","AMPLITUD","LTRENDIDX","M","1957-06",99.32139,
"USA","CLI","AMPLITUD","LTRENDIDX","M","1957-07",99.01883,
"USA","CLI","AMPLITUD","LTRENDIDX","M","1957-08",98.65156,
"USA","CLI","AMPLITUD","LTRENDIDX","M","1957-09",98.22083,
"USA","CLI","AMPLITUD","LTRENDIDX","M","1957-10",97.769,
"USA","CLI","AMPLITUD","LTRENDIDX","M","1957-11",97.36397,
"USA","CLI","AMPLITUD","LTRENDIDX","M","1957-12",97.05301,
"USA","CLI","AMPLITUD","LTRENDIDX","M","1958-01",96.8873,
"USA","CLI","AMPLITUD","LTRENDIDX","M","1958-02",96.88441,
"USA","CLI","AMPLITUD","LTRENDIDX","M","1958-03",97.0625,
"USA","CLI","AMPLITUD","LTRENDIDX","M","1958-04",97.40586,
"USA","CLI","AMPLITUD","LTRENDIDX","M","1958-05",97.9032,
"USA","CLI","AMPLITUD","LTRENDIDX","M","1958-06",98.49731,
"USA","CLI","AMPLITUD","LTRENDIDX","M","1958-07",99.1257,
"USA","CLI","AMPLITUD","LTRENDIDX","M","1958-08",99.74798,
"USA","CLI","AMPLITUD","LTRENDIDX","M","1958-09",100.3426,
"USA","CLI","AMPLITUD","LTRENDIDX","M","1958-10",100.91,
"USA","CLI","AMPLITUD","LTRENDIDX","M","1958-11",101.4369,
"USA","CLI","AMPLITUD","LTRENDIDX","M","1958-12",101.9107,
"USA","CLI","AMPLITUD","LTRENDIDX","M","1959-01",102.3347,
"USA","CLI","AMPLITUD","LTRENDIDX","M","1959-02",102.6704,
"USA","CLI","AMPLITUD","LTRENDIDX","M","1959-03",102.8831,
"USA","CLI","AMPLITUD","LTRENDIDX","M","1959-04",102.9509,
"USA","CLI","AMPLITUD","LTRENDIDX","M","1959-05",102.8642,
"USA","CLI","AMPLITUD","LTRENDIDX","M","1959-06",102.6305,
"USA","CLI","AMPLITUD","LTRENDIDX","M","1959-07",102.2905,
"USA","CLI","AMPLITUD","LTRENDIDX","M","1959-08",101.914,
"USA","CLI","AMPLITUD","LTRENDIDX","M","1959-09",101.5667,
"USA","CLI","AMPLITUD","LTRENDIDX","M","1959-10",101.2893,
"USA","CLI","AMPLITUD","LTRENDIDX","M","1959-11",101.0883,
"USA","CLI","AMPLITUD","LTRENDIDX","M","1959-12",100.9322,
"USA","CLI","AMPLITUD","LTRENDIDX","M","1960-01",100.7297,
"USA","CLI","AMPLITUD","LTRENDIDX","M","1960-02",100.4464,
"USA","CLI","AMPLITUD","LTRENDIDX","M","1960-03",100.1254,
"USA","CLI","AMPLITUD","LTRENDIDX","M","1960-04",99.82024,
"USA","CLI","AMPLITUD","LTRENDIDX","M","1960-05",99.55415,
"USA","CLI","AMPLITUD","LTRENDIDX","M","1960-06",99.32285,
"USA","CLI","AMPLITUD","LTRENDIDX","M","1960-07",99.10696,
"USA","CLI","AMPLITUD","LTRENDIDX","M","1960-08",98.90266,
"USA","CLI","AMPLITUD","LTRENDIDX","M","1960-09",98.70179,
"USA","CLI","AMPLITUD","LTRENDIDX","M","1960-10",98.53085,
"USA","CLI","AMPLITUD","LTRENDIDX","M","1960-11",98.42038,
"USA","CLI","AMPLITUD","LTRENDIDX","M","1960-12",98.4049,
"USA","CLI","AMPLITUD","LTRENDIDX","M","1961-01",98.50067,
"USA","CLI","AMPLITUD","LTRENDIDX","M","1961-02",98.7206,
"USA","CLI","AMPLITUD","LTRENDIDX","M","1961-03",99.05891,
"USA","CLI","AMPLITUD","LTRENDIDX","M","1961-04",99.46875,
"USA","CLI","AMPLITUD","LTRENDIDX","M","1961-05",99.88652,
"USA","CLI","AMPLITUD","LTRENDIDX","M","1961-06",100.2764,
"USA","CLI","AMPLITUD","LTRENDIDX","M","1961-07",100.6131,
"USA","CLI","AMPLITUD","LTRENDIDX","M","1961-08",100.8879,
"USA","CLI","AMPLITUD","LTRENDIDX","M","1961-09",101.0885,
"USA","CLI","AMPLITUD","LTRENDIDX","M","1961-10",101.2112,
"USA","CLI","AMPLITUD","LTRENDIDX","M","1961-11",101.2623,
"USA","CLI","AMPLITUD","LTRENDIDX","M","1961-12",101.2311,
"USA","CLI","AMPLITUD","LTRENDIDX","M","1962-01",101.1096,
"USA","CLI","AMPLITUD","LTRENDIDX","M","1962-02",100.9162,
"USA","CLI","AMPLITUD","LTRENDIDX","M","1962-03",100.6515,
"USA","CLI","AMPLITUD","LTRENDIDX","M","1962-04",100.3351,
"USA","CLI","AMPLITUD","LTRENDIDX","M","1962-05",100.0094,
"USA","CLI","AMPLITUD","LTRENDIDX","M","1962-06",99.72005,
"USA","CLI","AMPLITUD","LTRENDIDX","M","1962-07",99.5149,
"USA","CLI","AMPLITUD","LTRENDIDX","M","1962-08",99.40615,
"USA","CLI","AMPLITUD","LTRENDIDX","M","1962-09",99.3933,
"USA","CLI","AMPLITUD","LTRENDIDX","M","1962-10",99.46152,
"USA","CLI","AMPLITUD","LTRENDIDX","M","1962-11",99.59457,
"USA","CLI","AMPLITUD","LTRENDIDX","M","1962-12",99.75753,
"USA","CLI","AMPLITUD","LTRENDIDX","M","1963-01",99.91913,
"USA","CLI","AMPLITUD","LTRENDIDX","M","1963-02",100.0626,
"USA","CLI","AMPLITUD","LTRENDIDX","M","1963-03",100.179,
"USA","CLI","AMPLITUD","LTRENDIDX","M","1963-04",100.2613,
"USA","CLI","AMPLITUD","LTRENDIDX","M","1963-05",100.2975,
"USA","CLI","AMPLITUD","LTRENDIDX","M","1963-06",100.2856,
"USA","CLI","AMPLITUD","LTRENDIDX","M","1963-07",100.2437,
"USA","CLI","AMPLITUD","LTRENDIDX","M","1963-08",100.1978,
"USA","CLI","AMPLITUD","LTRENDIDX","M","1963-09",100.1699,
"USA","CLI","AMPLITUD","LTRENDIDX","M","1963-10",100.1555,
"USA","CLI","AMPLITUD","LTRENDIDX","M","1963-11",100.1521,
"USA","CLI","AMPLITUD","LTRENDIDX","M","1963-12",100.1749,
"USA","CLI","AMPLITUD","LTRENDIDX","M","1964-01",100.2416,
"USA","CLI","AMPLITUD","LTRENDIDX","M","1964-02",100.342,
"USA","CLI","AMPLITUD","LTRENDIDX","M","1964-03",100.4523,
"USA","CLI","AMPLITUD","LTRENDIDX","M","1964-04",100.5593,
"USA","CLI","AMPLITUD","LTRENDIDX","M","1964-05",100.653,
"USA","CLI","AMPLITUD","LTRENDIDX","M","1964-06",100.7323,
"USA","CLI","AMPLITUD","LTRENDIDX","M","1964-07",100.7956,
"USA","CLI","AMPLITUD","LTRENDIDX","M","1964-08",100.8366,
"USA","CLI","AMPLITUD","LTRENDIDX","M","1964-09",100.8751,
"USA","CLI","AMPLITUD","LTRENDIDX","M","1964-10",100.9184,
"USA","CLI","AMPLITUD","LTRENDIDX","M","1964-11",100.9827,
"USA","CLI","AMPLITUD","LTRENDIDX","M","1964-12",101.0598,
"USA","CLI","AMPLITUD","LTRENDIDX","M","1965-01",101.1278,
"USA","CLI","AMPLITUD","LTRENDIDX","M","1965-02",101.1665,
"USA","CLI","AMPLITUD","LTRENDIDX","M","1965-03",101.1663,
"USA","CLI","AMPLITUD","LTRENDIDX","M","1965-04",101.1235,
"USA","CLI","AMPLITUD","LTRENDIDX","M","1965-05",101.057,
"USA","CLI","AMPLITUD","LTRENDIDX","M","1965-06",100.9951,
"USA","CLI","AMPLITUD","LTRENDIDX","M","1965-07",100.9733,
"USA","CLI","AMPLITUD","LTRENDIDX","M","1965-08",101.0099,
"USA","CLI","AMPLITUD","LTRENDIDX","M","1965-09",101.1111,
"USA","CLI","AMPLITUD","LTRENDIDX","M","1965-10",101.2658,
"USA","CLI","AMPLITUD","LTRENDIDX","M","1965-11",101.4481,
"USA","CLI","AMPLITUD","LTRENDIDX","M","1965-12",101.6233,
"USA","CLI","AMPLITUD","LTRENDIDX","M","1966-01",101.748,
"USA","CLI","AMPLITUD","LTRENDIDX","M","1966-02",101.7771,
"USA","CLI","AMPLITUD","LTRENDIDX","M","1966-03",101.6872,
"USA","CLI","AMPLITUD","LTRENDIDX","M","1966-04",101.4791,
"USA","CLI","AMPLITUD","LTRENDIDX","M","1966-05",101.1756,
"USA","CLI","AMPLITUD","LTRENDIDX","M","1966-06",100.8328,
"USA","CLI","AMPLITUD","LTRENDIDX","M","1966-07",100.4788,
"USA","CLI","AMPLITUD","LTRENDIDX","M","1966-08",100.132,
"USA","CLI","AMPLITUD","LTRENDIDX","M","1966-09",99.80153,
"USA","CLI","AMPLITUD","LTRENDIDX","M","1966-10",99.486,
"USA","CLI","AMPLITUD","LTRENDIDX","M","1966-11",99.19754,
"USA","CLI","AMPLITUD","LTRENDIDX","M","1966-12",98.95522,
"USA","CLI","AMPLITUD","LTRENDIDX","M","1967-01",98.78075,
"USA","CLI","AMPLITUD","LTRENDIDX","M","1967-02",98.69028,
"USA","CLI","AMPLITUD","LTRENDIDX","M","1967-03",98.71394,
"USA","CLI","AMPLITUD","LTRENDIDX","M","1967-04",98.85529,
"USA","CLI","AMPLITUD","LTRENDIDX","M","1967-05",99.0972,
"USA","CLI","AMPLITUD","LTRENDIDX","M","1967-06",99.39671,
"USA","CLI","AMPLITUD","LTRENDIDX","M","1967-07",99.71635,
"USA","CLI","AMPLITUD","LTRENDIDX","M","1967-08",100.0229,
"USA","CLI","AMPLITUD","LTRENDIDX","M","1967-09",100.2869,
"USA","CLI","AMPLITUD","LTRENDIDX","M","1967-10",100.496,
"USA","CLI","AMPLITUD","LTRENDIDX","M","1967-11",100.645,
"USA","CLI","AMPLITUD","LTRENDIDX","M","1967-12",100.7342,
"USA","CLI","AMPLITUD","LTRENDIDX","M","1968-01",100.7584,
"USA","CLI","AMPLITUD","LTRENDIDX","M","1968-02",100.7468,
"USA","CLI","AMPLITUD","LTRENDIDX","M","1968-03",100.7182,
"USA","CLI","AMPLITUD","LTRENDIDX","M","1968-04",100.6925,
"USA","CLI","AMPLITUD","LTRENDIDX","M","1968-05",100.6952,
"USA","CLI","AMPLITUD","LTRENDIDX","M","1968-06",100.7275,
"USA","CLI","AMPLITUD","LTRENDIDX","M","1968-07",100.7938,
"USA","CLI","AMPLITUD","LTRENDIDX","M","1968-08",100.9029,
"USA","CLI","AMPLITUD","LTRENDIDX","M","1968-09",101.053,
"USA","CLI","AMPLITUD","LTRENDIDX","M","1968-10",101.199,
"USA","CLI","AMPLITUD","LTRENDIDX","M","1968-11",101.2901,
"USA","CLI","AMPLITUD","LTRENDIDX","M","1968-12",101.3084,
"USA","CLI","AMPLITUD","LTRENDIDX","M","1969-01",101.2597,
"USA","CLI","AMPLITUD","LTRENDIDX","M","1969-02",101.1524,
"USA","CLI","AMPLITUD","LTRENDIDX","M","1969-03",100.9943,
"USA","CLI","AMPLITUD","LTRENDIDX","M","1969-04",100.7824,
"USA","CLI","AMPLITUD","LTRENDIDX","M","1969-05",100.523,
"USA","CLI","AMPLITUD","LTRENDIDX","M","1969-06",100.2563,
"USA","CLI","AMPLITUD","LTRENDIDX","M","1969-07",100.0151,
"USA","CLI","AMPLITUD","LTRENDIDX","M","1969-08",99.81159,
"USA","CLI","AMPLITUD","LTRENDIDX","M","1969-09",99.62856,
"USA","CLI","AMPLITUD","LTRENDIDX","M","1969-10",99.42915,
"USA","CLI","AMPLITUD","LTRENDIDX","M","1969-11",99.19151,
"USA","CLI","AMPLITUD","LTRENDIDX","M","1969-12",98.90852,
"USA","CLI","AMPLITUD","LTRENDIDX","M","1970-01",98.59139,
"USA","CLI","AMPLITUD","LTRENDIDX","M","1970-02",98.27818,
"USA","CLI","AMPLITUD","LTRENDIDX","M","1970-03",98.00756,
"USA","CLI","AMPLITUD","LTRENDIDX","M","1970-04",97.79686,
"USA","CLI","AMPLITUD","LTRENDIDX","M","1970-05",97.66929,
"USA","CLI","AMPLITUD","LTRENDIDX","M","1970-06",97.61873,
"USA","CLI","AMPLITUD","LTRENDIDX","M","1970-07",97.62173,
"USA","CLI","AMPLITUD","LTRENDIDX","M","1970-08",97.67143,
"USA","CLI","AMPLITUD","LTRENDIDX","M","1970-09",97.78202,
"USA","CLI","AMPLITUD","LTRENDIDX","M","1970-10",97.98272,
"USA","CLI","AMPLITUD","LTRENDIDX","M","1970-11",98.30843,
"USA","CLI","AMPLITUD","LTRENDIDX","M","1970-12",98.74752,
"USA","CLI","AMPLITUD","LTRENDIDX","M","1971-01",99.21758,
"USA","CLI","AMPLITUD","LTRENDIDX","M","1971-02",99.62881,
"USA","CLI","AMPLITUD","LTRENDIDX","M","1971-03",99.92989,
"USA","CLI","AMPLITUD","LTRENDIDX","M","1971-04",100.1208,
"USA","CLI","AMPLITUD","LTRENDIDX","M","1971-05",100.2159,
"USA","CLI","AMPLITUD","LTRENDIDX","M","1971-06",100.2452,
"USA","CLI","AMPLITUD","LTRENDIDX","M","1971-07",100.2487,
"USA","CLI","AMPLITUD","LTRENDIDX","M","1971-08",100.2674,
"USA","CLI","AMPLITUD","LTRENDIDX","M","1971-09",100.3437,
"USA","CLI","AMPLITUD","LTRENDIDX","M","1971-10",100.5098,
"USA","CLI","AMPLITUD","LTRENDIDX","M","1971-11",100.7776,
"USA","CLI","AMPLITUD","LTRENDIDX","M","1971-12",101.1296,
"USA","CLI","AMPLITUD","LTRENDIDX","M","1972-01",101.497,
"USA","CLI","AMPLITUD","LTRENDIDX","M","1972-02",101.8201,
"USA","CLI","AMPLITUD","LTRENDIDX","M","1972-03",102.0655,
"USA","CLI","AMPLITUD","LTRENDIDX","M","1972-04",102.2423,
"USA","CLI","AMPLITUD","LTRENDIDX","M","1972-05",102.3742,
"USA","CLI","AMPLITUD","LTRENDIDX","M","1972-06",102.4915,
"USA","CLI","AMPLITUD","LTRENDIDX","M","1972-07",102.6284,
"USA","CLI","AMPLITUD","LTRENDIDX","M","1972-08",102.8056,
"USA","CLI","AMPLITUD","LTRENDIDX","M","1972-09",103.0038,
"USA","CLI","AMPLITUD","LTRENDIDX","M","1972-10",103.1892,
"USA","CLI","AMPLITUD","LTRENDIDX","M","1972-11",103.3367,
"USA","CLI","AMPLITUD","LTRENDIDX","M","1972-12",103.4152,
"USA","CLI","AMPLITUD","LTRENDIDX","M","1973-01",103.4033,
"USA","CLI","AMPLITUD","LTRENDIDX","M","1973-02",103.293,
"USA","CLI","AMPLITUD","LTRENDIDX","M","1973-03",103.0792,
"USA","CLI","AMPLITUD","LTRENDIDX","M","1973-04",102.7743,
"USA","CLI","AMPLITUD","LTRENDIDX","M","1973-05",102.4144,
"USA","CLI","AMPLITUD","LTRENDIDX","M","1973-06",102.0456,
"USA","CLI","AMPLITUD","LTRENDIDX","M","1973-07",101.7074,
"USA","CLI","AMPLITUD","LTRENDIDX","M","1973-08",101.4314,
"USA","CLI","AMPLITUD","LTRENDIDX","M","1973-09",101.2211,
"USA","CLI","AMPLITUD","LTRENDIDX","M","1973-10",101.0528,
"USA","CLI","AMPLITUD","LTRENDIDX","M","1973-11",100.8824,
"USA","CLI","AMPLITUD","LTRENDIDX","M","1973-12",100.6911,
"USA","CLI","AMPLITUD","LTRENDIDX","M","1974-01",100.4853,
"USA","CLI","AMPLITUD","LTRENDIDX","M","1974-02",100.2425,
"USA","CLI","AMPLITUD","LTRENDIDX","M","1974-03",99.94293,
"USA","CLI","AMPLITUD","LTRENDIDX","M","1974-04",99.56596,
"USA","CLI","AMPLITUD","LTRENDIDX","M","1974-05",99.1204,
"USA","CLI","AMPLITUD","LTRENDIDX","M","1974-06",98.62061,
"USA","CLI","AMPLITUD","LTRENDIDX","M","1974-07",98.08246,
"USA","CLI","AMPLITUD","LTRENDIDX","M","1974-08",97.52232,
"USA","CLI","AMPLITUD","LTRENDIDX","M","1974-09",96.95025,
"USA","CLI","AMPLITUD","LTRENDIDX","M","1974-10",96.41838,
"USA","CLI","AMPLITUD","LTRENDIDX","M","1974-11",95.97222,
"USA","CLI","AMPLITUD","LTRENDIDX","M","1974-12",95.67388,
"USA","CLI","AMPLITUD","LTRENDIDX","M","1975-01",95.58325,
"USA","CLI","AMPLITUD","LTRENDIDX","M","1975-02",95.69031,
"USA","CLI","AMPLITUD","LTRENDIDX","M","1975-03",95.9634,
"USA","CLI","AMPLITUD","LTRENDIDX","M","1975-04",96.36958,
"USA","CLI","AMPLITUD","LTRENDIDX","M","1975-05",96.84654,
"USA","CLI","AMPLITUD","LTRENDIDX","M","1975-06",97.35041,
"USA","CLI","AMPLITUD","LTRENDIDX","M","1975-07",97.85017,
"USA","CLI","AMPLITUD","LTRENDIDX","M","1975-08",98.31908,
"USA","CLI","AMPLITUD","LTRENDIDX","M","1975-09",98.75335,
"USA","CLI","AMPLITUD","LTRENDIDX","M","1975-10",99.16637,
"USA","CLI","AMPLITUD","LTRENDIDX","M","1975-11",99.57156,
"USA","CLI","AMPLITUD","LTRENDIDX","M","1975-12",99.97396,
"USA","CLI","AMPLITUD","LTRENDIDX","M","1976-01",100.3572,
"USA","CLI","AMPLITUD","LTRENDIDX","M","1976-02",100.6762,
"USA","CLI","AMPLITUD","LTRENDIDX","M","1976-03",100.8953,
"USA","CLI","AMPLITUD","LTRENDIDX","M","1976-04",101.0201,
"USA","CLI","AMPLITUD","LTRENDIDX","M","1976-05",101.0669,
"USA","CLI","AMPLITUD","LTRENDIDX","M","1976-06",101.0623,
"USA","CLI","AMPLITUD","LTRENDIDX","M","1976-07",101.031,
"USA","CLI","AMPLITUD","LTRENDIDX","M","1976-08",100.9889,
"USA","CLI","AMPLITUD","LTRENDIDX","M","1976-09",100.9635,
"USA","CLI","AMPLITUD","LTRENDIDX","M","1976-10",100.9777,
"USA","CLI","AMPLITUD","LTRENDIDX","M","1976-11",101.0531,
"USA","CLI","AMPLITUD","LTRENDIDX","M","1976-12",101.1854,
"USA","CLI","AMPLITUD","LTRENDIDX","M","1977-01",101.3482,
"USA","CLI","AMPLITUD","LTRENDIDX","M","1977-02",101.52,
"USA","CLI","AMPLITUD","LTRENDIDX","M","1977-03",101.675,
"USA","CLI","AMPLITUD","LTRENDIDX","M","1977-04",101.7806,
"USA","CLI","AMPLITUD","LTRENDIDX","M","1977-05",101.8297,
"USA","CLI","AMPLITUD","LTRENDIDX","M","1977-06",101.8214,
"USA","CLI","AMPLITUD","LTRENDIDX","M","1977-07",101.7668,
"USA","CLI","AMPLITUD","LTRENDIDX","M","1977-08",101.6845,
"USA","CLI","AMPLITUD","LTRENDIDX","M","1977-09",101.6015,
"USA","CLI","AMPLITUD","LTRENDIDX","M","1977-10",101.5323,
"USA","CLI","AMPLITUD","LTRENDIDX","M","1977-11",101.4765,
"USA","CLI","AMPLITUD","LTRENDIDX","M","1977-12",101.4404,
"USA","CLI","AMPLITUD","LTRENDIDX","M","1978-01",101.4342,
"USA","CLI","AMPLITUD","LTRENDIDX","M","1978-02",101.4655,
"USA","CLI","AMPLITUD","LTRENDIDX","M","1978-03",101.571,
"USA","CLI","AMPLITUD","LTRENDIDX","M","1978-04",101.724,
"USA","CLI","AMPLITUD","LTRENDIDX","M","1978-05",101.8792,
"USA","CLI","AMPLITUD","LTRENDIDX","M","1978-06",101.9967,
"USA","CLI","AMPLITUD","LTRENDIDX","M","1978-07",102.0536,
"USA","CLI","AMPLITUD","LTRENDIDX","M","1978-08",102.039,
"USA","CLI","AMPLITUD","LTRENDIDX","M","1978-09",101.9564,
"USA","CLI","AMPLITUD","LTRENDIDX","M","1978-10",101.8117,
"USA","CLI","AMPLITUD","LTRENDIDX","M","1978-11",101.6256,
"USA","CLI","AMPLITUD","LTRENDIDX","M","1978-12",101.4335,
"USA","CLI","AMPLITUD","LTRENDIDX","M","1979-01",101.2635,
"USA","CLI","AMPLITUD","LTRENDIDX","M","1979-02",101.1003,
"USA","CLI","AMPLITUD","LTRENDIDX","M","1979-03",100.9155,
"USA","CLI","AMPLITUD","LTRENDIDX","M","1979-04",100.6963,
"USA","CLI","AMPLITUD","LTRENDIDX","M","1979-05",100.459,
"USA","CLI","AMPLITUD","LTRENDIDX","M","1979-06",100.2138,
"USA","CLI","AMPLITUD","LTRENDIDX","M","1979-07",99.97147,
"USA","CLI","AMPLITUD","LTRENDIDX","M","1979-08",99.7425,
"USA","CLI","AMPLITUD","LTRENDIDX","M","1979-09",99.51781,
"USA","CLI","AMPLITUD","LTRENDIDX","M","1979-10",99.27761,
"USA","CLI","AMPLITUD","LTRENDIDX","M","1979-11",99.022,
"USA","CLI","AMPLITUD","LTRENDIDX","M","1979-12",98.7555,
"USA","CLI","AMPLITUD","LTRENDIDX","M","1980-01",98.47713,
"USA","CLI","AMPLITUD","LTRENDIDX","M","1980-02",98.17016,
"USA","CLI","AMPLITUD","LTRENDIDX","M","1980-03",97.86969,
"USA","CLI","AMPLITUD","LTRENDIDX","M","1980-04",97.6951,
"USA","CLI","AMPLITUD","LTRENDIDX","M","1980-05",97.73949,
"USA","CLI","AMPLITUD","LTRENDIDX","M","1980-06",98.03937,
"USA","CLI","AMPLITUD","LTRENDIDX","M","1980-07",98.52608,
"USA","CLI","AMPLITUD","LTRENDIDX","M","1980-08",99.07624,
"USA","CLI","AMPLITUD","LTRENDIDX","M","1980-09",99.5564,
"USA","CLI","AMPLITUD","LTRENDIDX","M","1980-10",99.8725,
"USA","CLI","AMPLITUD","LTRENDIDX","M","1980-11",100.0007,
"USA","CLI","AMPLITUD","LTRENDIDX","M","1980-12",99.9829,
"USA","CLI","AMPLITUD","LTRENDIDX","M","1981-01",99.8921,
"USA","CLI","AMPLITUD","LTRENDIDX","M","1981-02",99.77663,
"USA","CLI","AMPLITUD","LTRENDIDX","M","1981-03",99.66109,
"USA","CLI","AMPLITUD","LTRENDIDX","M","1981-04",99.51572,
"USA","CLI","AMPLITUD","LTRENDIDX","M","1981-05",99.3111,
"USA","CLI","AMPLITUD","LTRENDIDX","M","1981-06",99.05865,
"USA","CLI","AMPLITUD","LTRENDIDX","M","1981-07",98.79052,
"USA","CLI","AMPLITUD","LTRENDIDX","M","1981-08",98.51047,
"USA","CLI","AMPLITUD","LTRENDIDX","M","1981-09",98.19717,
"USA","CLI","AMPLITUD","LTRENDIDX","M","1981-10",97.8661,
"USA","CLI","AMPLITUD","LTRENDIDX","M","1981-11",97.54091,
"USA","CLI","AMPLITUD","LTRENDIDX","M","1981-12",97.2483,
"USA","CLI","AMPLITUD","LTRENDIDX","M","1982-01",96.97858,
"USA","CLI","AMPLITUD","LTRENDIDX","M","1982-02",96.71361,
"USA","CLI","AMPLITUD","LTRENDIDX","M","1982-03",96.48101,
"USA","CLI","AMPLITUD","LTRENDIDX","M","1982-04",96.32394,
"USA","CLI","AMPLITUD","LTRENDIDX","M","1982-05",96.25545,
"USA","CLI","AMPLITUD","LTRENDIDX","M","1982-06",96.28042,
"USA","CLI","AMPLITUD","LTRENDIDX","M","1982-07",96.39064,
"USA","CLI","AMPLITUD","LTRENDIDX","M","1982-08",96.57358,
"USA","CLI","AMPLITUD","LTRENDIDX","M","1982-09",96.83226,
"USA","CLI","AMPLITUD","LTRENDIDX","M","1982-10",97.15541,
"USA","CLI","AMPLITUD","LTRENDIDX","M","1982-11",97.54942,
"USA","CLI","AMPLITUD","LTRENDIDX","M","1982-12",98.02363,
"USA","CLI","AMPLITUD","LTRENDIDX","M","1983-01",98.56582,
"USA","CLI","AMPLITUD","LTRENDIDX","M","1983-02",99.15048,
"USA","CLI","AMPLITUD","LTRENDIDX","M","1983-03",99.75233,
"USA","CLI","AMPLITUD","LTRENDIDX","M","1983-04",100.34,
"USA","CLI","AMPLITUD","LTRENDIDX","M","1983-05",100.8794,
"USA","CLI","AMPLITUD","LTRENDIDX","M","1983-06",101.3411,
"USA","CLI","AMPLITUD","LTRENDIDX","M","1983-07",101.712,
"USA","CLI","AMPLITUD","LTRENDIDX","M","1983-08",101.9936,
"USA","CLI","AMPLITUD","LTRENDIDX","M","1983-09",102.2077,
"USA","CLI","AMPLITUD","LTRENDIDX","M","1983-10",102.3617,
"USA","CLI","AMPLITUD","LTRENDIDX","M","1983-11",102.4576,
"USA","CLI","AMPLITUD","LTRENDIDX","M","1983-12",102.4922,
"USA","CLI","AMPLITUD","LTRENDIDX","M","1984-01",102.4579,
"USA","CLI","AMPLITUD","LTRENDIDX","M","1984-02",102.3519,
"USA","CLI","AMPLITUD","LTRENDIDX","M","1984-03",102.17,
"USA","CLI","AMPLITUD","LTRENDIDX","M","1984-04",101.9235,
"USA","CLI","AMPLITUD","LTRENDIDX","M","1984-05",101.6386,
"USA","CLI","AMPLITUD","LTRENDIDX","M","1984-06",101.3333,
"USA","CLI","AMPLITUD","LTRENDIDX","M","1984-07",101.0424,
"USA","CLI","AMPLITUD","LTRENDIDX","M","1984-08",100.7861,
"USA","CLI","AMPLITUD","LTRENDIDX","M","1984-09",100.5804,
"USA","CLI","AMPLITUD","LTRENDIDX","M","1984-10",100.431,
"USA","CLI","AMPLITUD","LTRENDIDX","M","1984-11",100.3301,
"USA","CLI","AMPLITUD","LTRENDIDX","M","1984-12",100.2631,
"USA","CLI","AMPLITUD","LTRENDIDX","M","1985-01",100.2156,
"USA","CLI","AMPLITUD","LTRENDIDX","M","1985-02",100.1732,
"USA","CLI","AMPLITUD","LTRENDIDX","M","1985-03",100.1397,
"USA","CLI","AMPLITUD","LTRENDIDX","M","1985-04",100.1117,
"USA","CLI","AMPLITUD","LTRENDIDX","M","1985-05",100.0861,
"USA","CLI","AMPLITUD","LTRENDIDX","M","1985-06",100.0632,
"USA","CLI","AMPLITUD","LTRENDIDX","M","1985-07",100.0318,
"USA","CLI","AMPLITUD","LTRENDIDX","M","1985-08",100.0023,
"USA","CLI","AMPLITUD","LTRENDIDX","M","1985-09",99.98042,
"USA","CLI","AMPLITUD","LTRENDIDX","M","1985-10",99.97298,
"USA","CLI","AMPLITUD","LTRENDIDX","M","1985-11",99.98712,
"USA","CLI","AMPLITUD","LTRENDIDX","M","1985-12",100.0172,
"USA","CLI","AMPLITUD","LTRENDIDX","M","1986-01",100.0414,
"USA","CLI","AMPLITUD","LTRENDIDX","M","1986-02",100.049,
"USA","CLI","AMPLITUD","LTRENDIDX","M","1986-03",100.0407,
"USA","CLI","AMPLITUD","LTRENDIDX","M","1986-04",100.0241,
"USA","CLI","AMPLITUD","LTRENDIDX","M","1986-05",100.0062,
"USA","CLI","AMPLITUD","LTRENDIDX","M","1986-06",99.97624,
"USA","CLI","AMPLITUD","LTRENDIDX","M","1986-07",99.93008,
"USA","CLI","AMPLITUD","LTRENDIDX","M","1986-08",99.88167,
"USA","CLI","AMPLITUD","LTRENDIDX","M","1986-09",99.83845,
"USA","CLI","AMPLITUD","LTRENDIDX","M","1986-10",99.81113,
"USA","CLI","AMPLITUD","LTRENDIDX","M","1986-11",99.82062,
"USA","CLI","AMPLITUD","LTRENDIDX","M","1986-12",99.89048,
"USA","CLI","AMPLITUD","LTRENDIDX","M","1987-01",100.0316,
"USA","CLI","AMPLITUD","LTRENDIDX","M","1987-02",100.223,
"USA","CLI","AMPLITUD","LTRENDIDX","M","1987-03",100.4247,
"USA","CLI","AMPLITUD","LTRENDIDX","M","1987-04",100.611,
"USA","CLI","AMPLITUD","LTRENDIDX","M","1987-05",100.767,
"USA","CLI","AMPLITUD","LTRENDIDX","M","1987-06",100.8781,
"USA","CLI","AMPLITUD","LTRENDIDX","M","1987-07",100.93,
"USA","CLI","AMPLITUD","LTRENDIDX","M","1987-08",100.9042,
"USA","CLI","AMPLITUD","LTRENDIDX","M","1987-09",100.802,
"USA","CLI","AMPLITUD","LTRENDIDX","M","1987-10",100.6462,
"USA","CLI","AMPLITUD","LTRENDIDX","M","1987-11",100.4815,
"USA","CLI","AMPLITUD","LTRENDIDX","M","1987-12",100.3646,
"USA","CLI","AMPLITUD","LTRENDIDX","M","1988-01",100.3064,
"USA","CLI","AMPLITUD","LTRENDIDX","M","1988-02",100.298,
"USA","CLI","AMPLITUD","LTRENDIDX","M","1988-03",100.3265,
"USA","CLI","AMPLITUD","LTRENDIDX","M","1988-04",100.3809,
"USA","CLI","AMPLITUD","LTRENDIDX","M","1988-05",100.4495,
"USA","CLI","AMPLITUD","LTRENDIDX","M","1988-06",100.5125,
"USA","CLI","AMPLITUD","LTRENDIDX","M","1988-07",100.5494,
"USA","CLI","AMPLITUD","LTRENDIDX","M","1988-08",100.5634,
"USA","CLI","AMPLITUD","LTRENDIDX","M","1988-09",100.5644,
"USA","CLI","AMPLITUD","LTRENDIDX","M","1988-10",100.5599,
"USA","CLI","AMPLITUD","LTRENDIDX","M","1988-11",100.5498,
"USA","CLI","AMPLITUD","LTRENDIDX","M","1988-12",100.5287,
"USA","CLI","AMPLITUD","LTRENDIDX","M","1989-01",100.4767,
"USA","CLI","AMPLITUD","LTRENDIDX","M","1989-02",100.3761,
"USA","CLI","AMPLITUD","LTRENDIDX","M","1989-03",100.2335,
"USA","CLI","AMPLITUD","LTRENDIDX","M","1989-04",100.0727,
"USA","CLI","AMPLITUD","LTRENDIDX","M","1989-05",99.91668,
"USA","CLI","AMPLITUD","LTRENDIDX","M","1989-06",99.79525,
"USA","CLI","AMPLITUD","LTRENDIDX","M","1989-07",99.7205,
"USA","CLI","AMPLITUD","LTRENDIDX","M","1989-08",99.69047,
"USA","CLI","AMPLITUD","LTRENDIDX","M","1989-09",99.69324,
"USA","CLI","AMPLITUD","LTRENDIDX","M","1989-10",99.70757,
"USA","CLI","AMPLITUD","LTRENDIDX","M","1989-11",99.73076,
"USA","CLI","AMPLITUD","LTRENDIDX","M","1989-12",99.76046,
"USA","CLI","AMPLITUD","LTRENDIDX","M","1990-01",99.79339,
"USA","CLI","AMPLITUD","LTRENDIDX","M","1990-02",99.82301,
"USA","CLI","AMPLITUD","LTRENDIDX","M","1990-03",99.82368,
"USA","CLI","AMPLITUD","LTRENDIDX","M","1990-04",99.75265,
"USA","CLI","AMPLITUD","LTRENDIDX","M","1990-05",99.58772,
"USA","CLI","AMPLITUD","LTRENDIDX","M","1990-06",99.31062,
"USA","CLI","AMPLITUD","LTRENDIDX","M","1990-07",98.9253,
"USA","CLI","AMPLITUD","LTRENDIDX","M","1990-08",98.46124,
"USA","CLI","AMPLITUD","LTRENDIDX","M","1990-09",97.98986,
"USA","CLI","AMPLITUD","LTRENDIDX","M","1990-10",97.57878,
"USA","CLI","AMPLITUD","LTRENDIDX","M","1990-11",97.29505,
"USA","CLI","AMPLITUD","LTRENDIDX","M","1990-12",97.18256,
"USA","CLI","AMPLITUD","LTRENDIDX","M","1991-01",97.23965,
"USA","CLI","AMPLITUD","LTRENDIDX","M","1991-02",97.45055,
"USA","CLI","AMPLITUD","LTRENDIDX","M","1991-03",97.7641,
"USA","CLI","AMPLITUD","LTRENDIDX","M","1991-04",98.11972,
"USA","CLI","AMPLITUD","LTRENDIDX","M","1991-05",98.47762,
"USA","CLI","AMPLITUD","LTRENDIDX","M","1991-06",98.80572,
"USA","CLI","AMPLITUD","LTRENDIDX","M","1991-07",99.05651,
"USA","CLI","AMPLITUD","LTRENDIDX","M","1991-08",99.19338,
"USA","CLI","AMPLITUD","LTRENDIDX","M","1991-09",99.22242,
"USA","CLI","AMPLITUD","LTRENDIDX","M","1991-10",99.17493,
"USA","CLI","AMPLITUD","LTRENDIDX","M","1991-11",99.10448,
"USA","CLI","AMPLITUD","LTRENDIDX","M","1991-12",99.07233,
"USA","CLI","AMPLITUD","LTRENDIDX","M","1992-01",99.12186,
"USA","CLI","AMPLITUD","LTRENDIDX","M","1992-02",99.24489,
"USA","CLI","AMPLITUD","LTRENDIDX","M","1992-03",99.40712,
"USA","CLI","AMPLITUD","LTRENDIDX","M","1992-04",99.55312,
"USA","CLI","AMPLITUD","LTRENDIDX","M","1992-05",99.64458,
"USA","CLI","AMPLITUD","LTRENDIDX","M","1992-06",99.66956,
"USA","CLI","AMPLITUD","LTRENDIDX","M","1992-07",99.65672,
"USA","CLI","AMPLITUD","LTRENDIDX","M","1992-08",99.64619,
"USA","CLI","AMPLITUD","LTRENDIDX","M","1992-09",99.67812,
"USA","CLI","AMPLITUD","LTRENDIDX","M","1992-10",99.77616,
"USA","CLI","AMPLITUD","LTRENDIDX","M","1992-11",99.91792,
"USA","CLI","AMPLITUD","LTRENDIDX","M","1992-12",100.0445,
"USA","CLI","AMPLITUD","LTRENDIDX","M","1993-01",100.1057,
"USA","CLI","AMPLITUD","LTRENDIDX","M","1993-02",100.0882,
"USA","CLI","AMPLITUD","LTRENDIDX","M","1993-03",99.99998,
"USA","CLI","AMPLITUD","LTRENDIDX","M","1993-04",99.87151,
"USA","CLI","AMPLITUD","LTRENDIDX","M","1993-05",99.72177,
"USA","CLI","AMPLITUD","LTRENDIDX","M","1993-06",99.59412,
"USA","CLI","AMPLITUD","LTRENDIDX","M","1993-07",99.52232,
"USA","CLI","AMPLITUD","LTRENDIDX","M","1993-08",99.53061,
"USA","CLI","AMPLITUD","LTRENDIDX","M","1993-09",99.62414,
"USA","CLI","AMPLITUD","LTRENDIDX","M","1993-10",99.7929,
"USA","CLI","AMPLITUD","LTRENDIDX","M","1993-11",100.0055,
"USA","CLI","AMPLITUD","LTRENDIDX","M","1993-12",100.2403,
"USA","CLI","AMPLITUD","LTRENDIDX","M","1994-01",100.4596,
"USA","CLI","AMPLITUD","LTRENDIDX","M","1994-02",100.6407,
"USA","CLI","AMPLITUD","LTRENDIDX","M","1994-03",100.7914,
"USA","CLI","AMPLITUD","LTRENDIDX","M","1994-04",100.897,
"USA","CLI","AMPLITUD","LTRENDIDX","M","1994-05",100.9525,
"USA","CLI","AMPLITUD","LTRENDIDX","M","1994-06",100.9607,
"USA","CLI","AMPLITUD","LTRENDIDX","M","1994-07",100.9352,
"USA","CLI","AMPLITUD","LTRENDIDX","M","1994-08",100.8901,
"USA","CLI","AMPLITUD","LTRENDIDX","M","1994-09",100.8282,
"USA","CLI","AMPLITUD","LTRENDIDX","M","1994-10",100.743,
"USA","CLI","AMPLITUD","LTRENDIDX","M","1994-11",100.6123,
"USA","CLI","AMPLITUD","LTRENDIDX","M","1994-12",100.428,
"USA","CLI","AMPLITUD","LTRENDIDX","M","1995-01",100.1857,
"USA","CLI","AMPLITUD","LTRENDIDX","M","1995-02",99.88785,
"USA","CLI","AMPLITUD","LTRENDIDX","M","1995-03",99.56496,
"USA","CLI","AMPLITUD","LTRENDIDX","M","1995-04",99.26653,
"USA","CLI","AMPLITUD","LTRENDIDX","M","1995-05",99.03116,
"USA","CLI","AMPLITUD","LTRENDIDX","M","1995-06",98.87605,
"USA","CLI","AMPLITUD","LTRENDIDX","M","1995-07",98.78777,
"USA","CLI","AMPLITUD","LTRENDIDX","M","1995-08",98.73209,
"USA","CLI","AMPLITUD","LTRENDIDX","M","1995-09",98.6833,
"USA","CLI","AMPLITUD","LTRENDIDX","M","1995-10",98.64171,
"USA","CLI","AMPLITUD","LTRENDIDX","M","1995-11",98.62174,
"USA","CLI","AMPLITUD","LTRENDIDX","M","1995-12",98.63777,
"USA","CLI","AMPLITUD","LTRENDIDX","M","1996-01",98.69953,
"USA","CLI","AMPLITUD","LTRENDIDX","M","1996-02",98.81503,
"USA","CLI","AMPLITUD","LTRENDIDX","M","1996-03",98.96902,
"USA","CLI","AMPLITUD","LTRENDIDX","M","1996-04",99.13064,
"USA","CLI","AMPLITUD","LTRENDIDX","M","1996-05",99.2853,
"USA","CLI","AMPLITUD","LTRENDIDX","M","1996-06",99.41319,
"USA","CLI","AMPLITUD","LTRENDIDX","M","1996-07",99.50282,
"USA","CLI","AMPLITUD","LTRENDIDX","M","1996-08",99.57474,
"USA","CLI","AMPLITUD","LTRENDIDX","M","1996-09",99.64327,
"USA","CLI","AMPLITUD","LTRENDIDX","M","1996-10",99.71288,
"USA","CLI","AMPLITUD","LTRENDIDX","M","1996-11",99.79185,
"USA","CLI","AMPLITUD","LTRENDIDX","M","1996-12",99.87569,
"USA","CLI","AMPLITUD","LTRENDIDX","M","1997-01",99.97391,
"USA","CLI","AMPLITUD","LTRENDIDX","M","1997-02",100.0958,
"USA","CLI","AMPLITUD","LTRENDIDX","M","1997-03",100.2284,
"USA","CLI","AMPLITUD","LTRENDIDX","M","1997-04",100.3646,
"USA","CLI","AMPLITUD","LTRENDIDX","M","1997-05",100.4993,
"USA","CLI","AMPLITUD","LTRENDIDX","M","1997-06",100.6253,
"USA","CLI","AMPLITUD","LTRENDIDX","M","1997-07",100.7318,
"USA","CLI","AMPLITUD","LTRENDIDX","M","1997-08",100.8048,
"USA","CLI","AMPLITUD","LTRENDIDX","M","1997-09",100.8494,
"USA","CLI","AMPLITUD","LTRENDIDX","M","1997-10",100.8702,
"USA","CLI","AMPLITUD","LTRENDIDX","M","1997-11",100.8653,
"USA","CLI","AMPLITUD","LTRENDIDX","M","1997-12",100.8309,
"USA","CLI","AMPLITUD","LTRENDIDX","M","1998-01",100.7859,
"USA","CLI","AMPLITUD","LTRENDIDX","M","1998-02",100.7264,
"USA","CLI","AMPLITUD","LTRENDIDX","M","1998-03",100.635,
"USA","CLI","AMPLITUD","LTRENDIDX","M","1998-04",100.5079,
"USA","CLI","AMPLITUD","LTRENDIDX","M","1998-05",100.3449,
"USA","CLI","AMPLITUD","LTRENDIDX","M","1998-06",100.1582,
"USA","CLI","AMPLITUD","LTRENDIDX","M","1998-07",99.97861,
"USA","CLI","AMPLITUD","LTRENDIDX","M","1998-08",99.82864,
"USA","CLI","AMPLITUD","LTRENDIDX","M","1998-09",99.736,
"USA","CLI","AMPLITUD","LTRENDIDX","M","1998-10",99.73438,
"USA","CLI","AMPLITUD","LTRENDIDX","M","1998-11",99.82735,
"USA","CLI","AMPLITUD","LTRENDIDX","M","1998-12",99.98064,
"USA","CLI","AMPLITUD","LTRENDIDX","M","1999-01",100.1714,
"USA","CLI","AMPLITUD","LTRENDIDX","M","1999-02",100.3654,
"USA","CLI","AMPLITUD","LTRENDIDX","M","1999-03",100.541,
"USA","CLI","AMPLITUD","LTRENDIDX","M","1999-04",100.6967,
"USA","CLI","AMPLITUD","LTRENDIDX","M","1999-05",100.8324,
"USA","CLI","AMPLITUD","LTRENDIDX","M","1999-06",100.9371,
"USA","CLI","AMPLITUD","LTRENDIDX","M","1999-07",101.0145,
"USA","CLI","AMPLITUD","LTRENDIDX","M","1999-08",101.0735,
"USA","CLI","AMPLITUD","LTRENDIDX","M","1999-09",101.1269,
"USA","CLI","AMPLITUD","LTRENDIDX","M","1999-10",101.1825,
"USA","CLI","AMPLITUD","LTRENDIDX","M","1999-11",101.2416,
"USA","CLI","AMPLITUD","LTRENDIDX","M","1999-12",101.2898,
"USA","CLI","AMPLITUD","LTRENDIDX","M","2000-01",101.3036,
"USA","CLI","AMPLITUD","LTRENDIDX","M","2000-02",101.2646,
"USA","CLI","AMPLITUD","LTRENDIDX","M","2000-03",101.1955,
"USA","CLI","AMPLITUD","LTRENDIDX","M","2000-04",101.1065,
"USA","CLI","AMPLITUD","LTRENDIDX","M","2000-05",100.9872,
"USA","CLI","AMPLITUD","LTRENDIDX","M","2000-06",100.8372,
"USA","CLI","AMPLITUD","LTRENDIDX","M","2000-07",100.6391,
"USA","CLI","AMPLITUD","LTRENDIDX","M","2000-08",100.3957,
"USA","CLI","AMPLITUD","LTRENDIDX","M","2000-09",100.1163,
"USA","CLI","AMPLITUD","LTRENDIDX","M","2000-10",99.79031,
"USA","CLI","AMPLITUD","LTRENDIDX","M","2000-11",99.43056,
"USA","CLI","AMPLITUD","LTRENDIDX","M","2000-12",99.05702,
"USA","CLI","AMPLITUD","LTRENDIDX","M","2001-01",98.7346,
"USA","CLI","AMPLITUD","LTRENDIDX","M","2001-02",98.49837,
"USA","CLI","AMPLITUD","LTRENDIDX","M","2001-03",98.35429,
"USA","CLI","AMPLITUD","LTRENDIDX","M","2001-04",98.2888,
"USA","CLI","AMPLITUD","LTRENDIDX","M","2001-05",98.27554,
"USA","CLI","AMPLITUD","LTRENDIDX","M","2001-06",98.26209,
"USA","CLI","AMPLITUD","LTRENDIDX","M","2001-07",98.22232,
"USA","CLI","AMPLITUD","LTRENDIDX","M","2001-08",98.15691,
"USA","CLI","AMPLITUD","LTRENDIDX","M","2001-09",98.10842,
"USA","CLI","AMPLITUD","LTRENDIDX","M","2001-10",98.14615,
"USA","CLI","AMPLITUD","LTRENDIDX","M","2001-11",98.29881,
"USA","CLI","AMPLITUD","LTRENDIDX","M","2001-12",98.54813,
"USA","CLI","AMPLITUD","LTRENDIDX","M","2002-01",98.84197,
"USA","CLI","AMPLITUD","LTRENDIDX","M","2002-02",99.12755,
"USA","CLI","AMPLITUD","LTRENDIDX","M","2002-03",99.34496,
"USA","CLI","AMPLITUD","LTRENDIDX","M","2002-04",99.43697,
"USA","CLI","AMPLITUD","LTRENDIDX","M","2002-05",99.38464,
"USA","CLI","AMPLITUD","LTRENDIDX","M","2002-06",99.19297,
"USA","CLI","AMPLITUD","LTRENDIDX","M","2002-07",98.91083,
"USA","CLI","AMPLITUD","LTRENDIDX","M","2002-08",98.60503,
"USA","CLI","AMPLITUD","LTRENDIDX","M","2002-09",98.31651,
"USA","CLI","AMPLITUD","LTRENDIDX","M","2002-10",98.08501,
"USA","CLI","AMPLITUD","LTRENDIDX","M","2002-11",97.93047,
"USA","CLI","AMPLITUD","LTRENDIDX","M","2002-12",97.82567,
"USA","CLI","AMPLITUD","LTRENDIDX","M","2003-01",97.75246,
"USA","CLI","AMPLITUD","LTRENDIDX","M","2003-02",97.72374,
"USA","CLI","AMPLITUD","LTRENDIDX","M","2003-03",97.7717,
"USA","CLI","AMPLITUD","LTRENDIDX","M","2003-04",97.91788,
"USA","CLI","AMPLITUD","LTRENDIDX","M","2003-05",98.15308,
"USA","CLI","AMPLITUD","LTRENDIDX","M","2003-06",98.44722,
"USA","CLI","AMPLITUD","LTRENDIDX","M","2003-07",98.78386,
"USA","CLI","AMPLITUD","LTRENDIDX","M","2003-08",99.15406,
"USA","CLI","AMPLITUD","LTRENDIDX","M","2003-09",99.54604,
"USA","CLI","AMPLITUD","LTRENDIDX","M","2003-10",99.94244,
"USA","CLI","AMPLITUD","LTRENDIDX","M","2003-11",100.312,
"USA","CLI","AMPLITUD","LTRENDIDX","M","2003-12",100.6206,
"USA","CLI","AMPLITUD","LTRENDIDX","M","2004-01",100.8541,
"USA","CLI","AMPLITUD","LTRENDIDX","M","2004-02",100.9953,
"USA","CLI","AMPLITUD","LTRENDIDX","M","2004-03",101.0594,
"USA","CLI","AMPLITUD","LTRENDIDX","M","2004-04",101.0608,
"USA","CLI","AMPLITUD","LTRENDIDX","M","2004-05",101.0202,
"USA","CLI","AMPLITUD","LTRENDIDX","M","2004-06",100.9464,
"USA","CLI","AMPLITUD","LTRENDIDX","M","2004-07",100.8458,
"USA","CLI","AMPLITUD","LTRENDIDX","M","2004-08",100.7318,
"USA","CLI","AMPLITUD","LTRENDIDX","M","2004-09",100.6277,
"USA","CLI","AMPLITUD","LTRENDIDX","M","2004-10",100.5494,
"USA","CLI","AMPLITUD","LTRENDIDX","M","2004-11",100.5064,
"USA","CLI","AMPLITUD","LTRENDIDX","M","2004-12",100.4765,
"USA","CLI","AMPLITUD","LTRENDIDX","M","2005-01",100.4293,
"USA","CLI","AMPLITUD","LTRENDIDX","M","2005-02",100.3605,
"USA","CLI","AMPLITUD","LTRENDIDX","M","2005-03",100.2849,
"USA","CLI","AMPLITUD","LTRENDIDX","M","2005-04",100.2318,
"USA","CLI","AMPLITUD","LTRENDIDX","M","2005-05",100.2219,
"USA","CLI","AMPLITUD","LTRENDIDX","M","2005-06",100.2515,
"USA","CLI","AMPLITUD","LTRENDIDX","M","2005-07",100.2953,
"USA","CLI","AMPLITUD","LTRENDIDX","M","2005-08",100.3533,
"USA","CLI","AMPLITUD","LTRENDIDX","M","2005-09",100.4429,
"USA","CLI","AMPLITUD","LTRENDIDX","M","2005-10",100.5776,
"USA","CLI","AMPLITUD","LTRENDIDX","M","2005-11",100.7437,
"USA","CLI","AMPLITUD","LTRENDIDX","M","2005-12",100.9051,
"USA","CLI","AMPLITUD","LTRENDIDX","M","2006-01",101.0345,
"USA","CLI","AMPLITUD","LTRENDIDX","M","2006-02",101.1233,
"USA","CLI","AMPLITUD","LTRENDIDX","M","2006-03",101.1648,
"USA","CLI","AMPLITUD","LTRENDIDX","M","2006-04",101.1534,
"USA","CLI","AMPLITUD","LTRENDIDX","M","2006-05",101.106,
"USA","CLI","AMPLITUD","LTRENDIDX","M","2006-06",101.0598,
"USA","CLI","AMPLITUD","LTRENDIDX","M","2006-07",101.0329,
"USA","CLI","AMPLITUD","LTRENDIDX","M","2006-08",101.0405,
"USA","CLI","AMPLITUD","LTRENDIDX","M","2006-09",101.0936,
"USA","CLI","AMPLITUD","LTRENDIDX","M","2006-10",101.1737,
"USA","CLI","AMPLITUD","LTRENDIDX","M","2006-11",101.2685,
"USA","CLI","AMPLITUD","LTRENDIDX","M","2006-12",101.3704,
"USA","CLI","AMPLITUD","LTRENDIDX","M","2007-01",101.4703,
"USA","CLI","AMPLITUD","LTRENDIDX","M","2007-02",101.5735,
"USA","CLI","AMPLITUD","LTRENDIDX","M","2007-03",101.6845,
"USA","CLI","AMPLITUD","LTRENDIDX","M","2007-04",101.7917,
"USA","CLI","AMPLITUD","LTRENDIDX","M","2007-05",101.8733,
"USA","CLI","AMPLITUD","LTRENDIDX","M","2007-06",101.914,
"USA","CLI","AMPLITUD","LTRENDIDX","M","2007-07",101.8975,
"USA","CLI","AMPLITUD","LTRENDIDX","M","2007-08",101.8192,
"USA","CLI","AMPLITUD","LTRENDIDX","M","2007-09",101.7096,
"USA","CLI","AMPLITUD","LTRENDIDX","M","2007-10",101.5873,
"USA","CLI","AMPLITUD","LTRENDIDX","M","2007-11",101.4596,
"USA","CLI","AMPLITUD","LTRENDIDX","M","2007-12",101.334,
"USA","CLI","AMPLITUD","LTRENDIDX","M","2008-01",101.2067,
"USA","CLI","AMPLITUD","LTRENDIDX","M","2008-02",101.0704,
"USA","CLI","AMPLITUD","LTRENDIDX","M","2008-03",100.9186,
"USA","CLI","AMPLITUD","LTRENDIDX","M","2008-04",100.7339,
"USA","CLI","AMPLITUD","LTRENDIDX","M","2008-05",100.4913,
"USA","CLI","AMPLITUD","LTRENDIDX","M","2008-06",100.1508,
"USA","CLI","AMPLITUD","LTRENDIDX","M","2008-07",99.67678,
"USA","CLI","AMPLITUD","LTRENDIDX","M","2008-08",99.0419,
"USA","CLI","AMPLITUD","LTRENDIDX","M","2008-09",98.24239,
"USA","CLI","AMPLITUD","LTRENDIDX","M","2008-10",97.32958,
"USA","CLI","AMPLITUD","LTRENDIDX","M","2008-11",96.4201,
"USA","CLI","AMPLITUD","LTRENDIDX","M","2008-12",95.62112,
"USA","CLI","AMPLITUD","LTRENDIDX","M","2009-01",95.01453,
"USA","CLI","AMPLITUD","LTRENDIDX","M","2009-02",94.65765,
"USA","CLI","AMPLITUD","LTRENDIDX","M","2009-03",94.58987,
"USA","CLI","AMPLITUD","LTRENDIDX","M","2009-04",94.80341,
"USA","CLI","AMPLITUD","LTRENDIDX","M","2009-05",95.21807,
"USA","CLI","AMPLITUD","LTRENDIDX","M","2009-06",95.74775,
"USA","CLI","AMPLITUD","LTRENDIDX","M","2009-07",96.3248,
"USA","CLI","AMPLITUD","LTRENDIDX","M","2009-08",96.90052,
"USA","CLI","AMPLITUD","LTRENDIDX","M","2009-09",97.44216,
"USA","CLI","AMPLITUD","LTRENDIDX","M","2009-10",97.93652,
"USA","CLI","AMPLITUD","LTRENDIDX","M","2009-11",98.38353,
"USA","CLI","AMPLITUD","LTRENDIDX","M","2009-12",98.78976,
"USA","CLI","AMPLITUD","LTRENDIDX","M","2010-01",99.14107,
"USA","CLI","AMPLITUD","LTRENDIDX","M","2010-02",99.40494,
"USA","CLI","AMPLITUD","LTRENDIDX","M","2010-03",99.58958,
"USA","CLI","AMPLITUD","LTRENDIDX","M","2010-04",99.67616,
"USA","CLI","AMPLITUD","LTRENDIDX","M","2010-05",99.66841,
"USA","CLI","AMPLITUD","LTRENDIDX","M","2010-06",99.60687,
"USA","CLI","AMPLITUD","LTRENDIDX","M","2010-07",99.55291,
"USA","CLI","AMPLITUD","LTRENDIDX","M","2010-08",99.55399,
"USA","CLI","AMPLITUD","LTRENDIDX","M","2010-09",99.62281,
"USA","CLI","AMPLITUD","LTRENDIDX","M","2010-10",99.74831,
"USA","CLI","AMPLITUD","LTRENDIDX","M","2010-11",99.91776,
"USA","CLI","AMPLITUD","LTRENDIDX","M","2010-12",100.0941,
"USA","CLI","AMPLITUD","LTRENDIDX","M","2011-01",100.2375,
"USA","CLI","AMPLITUD","LTRENDIDX","M","2011-02",100.3157,
"USA","CLI","AMPLITUD","LTRENDIDX","M","2011-03",100.3018,
"USA","CLI","AMPLITUD","LTRENDIDX","M","2011-04",100.1962,
"USA","CLI","AMPLITUD","LTRENDIDX","M","2011-05",100.0111,
"USA","CLI","AMPLITUD","LTRENDIDX","M","2011-06",99.7662,
"USA","CLI","AMPLITUD","LTRENDIDX","M","2011-07",99.5099,
"USA","CLI","AMPLITUD","LTRENDIDX","M","2011-08",99.29929,
"USA","CLI","AMPLITUD","LTRENDIDX","M","2011-09",99.20162,
"USA","CLI","AMPLITUD","LTRENDIDX","M","2011-10",99.23929,
"USA","CLI","AMPLITUD","LTRENDIDX","M","2011-11",99.39062,
"USA","CLI","AMPLITUD","LTRENDIDX","M","2011-12",99.60613,
"USA","CLI","AMPLITUD","LTRENDIDX","M","2012-01",99.81631,
"USA","CLI","AMPLITUD","LTRENDIDX","M","2012-02",99.9626,
"USA","CLI","AMPLITUD","LTRENDIDX","M","2012-03",100.019,
"USA","CLI","AMPLITUD","LTRENDIDX","M","2012-04",99.9903,
"USA","CLI","AMPLITUD","LTRENDIDX","M","2012-05",99.8996,
"USA","CLI","AMPLITUD","LTRENDIDX","M","2012-06",99.78932,
"USA","CLI","AMPLITUD","LTRENDIDX","M","2012-07",99.70719,
"USA","CLI","AMPLITUD","LTRENDIDX","M","2012-08",99.6746,
"USA","CLI","AMPLITUD","LTRENDIDX","M","2012-09",99.70288,
"USA","CLI","AMPLITUD","LTRENDIDX","M","2012-10",99.76598,
"USA","CLI","AMPLITUD","LTRENDIDX","M","2012-11",99.84461,
"USA","CLI","AMPLITUD","LTRENDIDX","M","2012-12",99.93796,
"USA","CLI","AMPLITUD","LTRENDIDX","M","2013-01",100.0454,
"USA","CLI","AMPLITUD","LTRENDIDX","M","2013-02",100.1573,
"USA","CLI","AMPLITUD","LTRENDIDX","M","2013-03",100.2538,
"USA","CLI","AMPLITUD","LTRENDIDX","M","2013-04",100.3483,
"USA","CLI","AMPLITUD","LTRENDIDX","M","2013-05",100.448,
"USA","CLI","AMPLITUD","LTRENDIDX","M","2013-06",100.5292,
"USA","CLI","AMPLITUD","LTRENDIDX","M","2013-07",100.5776,
"USA","CLI","AMPLITUD","LTRENDIDX","M","2013-08",100.6027,
"USA","CLI","AMPLITUD","LTRENDIDX","M","2013-09",100.6094,
"USA","CLI","AMPLITUD","LTRENDIDX","M","2013-10",100.6103,
"USA","CLI","AMPLITUD","LTRENDIDX","M","2013-11",100.6191,
"USA","CLI","AMPLITUD","LTRENDIDX","M","2013-12",100.6255,
"USA","CLI","AMPLITUD","LTRENDIDX","M","2014-01",100.6328,
"USA","CLI","AMPLITUD","LTRENDIDX","M","2014-02",100.6657,
"USA","CLI","AMPLITUD","LTRENDIDX","M","2014-03",100.7232,
"USA","CLI","AMPLITUD","LTRENDIDX","M","2014-04",100.7848,
"USA","CLI","AMPLITUD","LTRENDIDX","M","2014-05",100.8338,
"USA","CLI","AMPLITUD","LTRENDIDX","M","2014-06",100.8647,
"USA","CLI","AMPLITUD","LTRENDIDX","M","2014-07",100.8781,
"USA","CLI","AMPLITUD","LTRENDIDX","M","2014-08",100.8813,
"USA","CLI","AMPLITUD","LTRENDIDX","M","2014-09",100.8754,
"USA","CLI","AMPLITUD","LTRENDIDX","M","2014-10",100.8596,
"USA","CLI","AMPLITUD","LTRENDIDX","M","2014-11",100.8332,
"USA","CLI","AMPLITUD","LTRENDIDX","M","2014-12",100.7897,
"USA","CLI","AMPLITUD","LTRENDIDX","M","2015-01",100.7268,
"USA","CLI","AMPLITUD","LTRENDIDX","M","2015-02",100.6438,
"USA","CLI","AMPLITUD","LTRENDIDX","M","2015-03",100.5527,
"USA","CLI","AMPLITUD","LTRENDIDX","M","2015-04",100.4566,
"USA","CLI","AMPLITUD","LTRENDIDX","M","2015-05",100.3494,
"USA","CLI","AMPLITUD","LTRENDIDX","M","2015-06",100.2258,
"USA","CLI","AMPLITUD","LTRENDIDX","M","2015-07",100.0658,
"USA","CLI","AMPLITUD","LTRENDIDX","M","2015-08",99.87843,
"USA","CLI","AMPLITUD","LTRENDIDX","M","2015-09",99.69244,
"USA","CLI","AMPLITUD","LTRENDIDX","M","2015-10",99.53874,
"USA","CLI","AMPLITUD","LTRENDIDX","M","2015-11",99.41135,
"USA","CLI","AMPLITUD","LTRENDIDX","M","2015-12",99.30484,
"USA","CLI","AMPLITUD","LTRENDIDX","M","2016-01",99.22487,
"USA","CLI","AMPLITUD","LTRENDIDX","M","2016-02",99.17403,
"USA","CLI","AMPLITUD","LTRENDIDX","M","2016-03",99.15593,
"USA","CLI","AMPLITUD","LTRENDIDX","M","2016-04",99.15257,
"USA","CLI","AMPLITUD","LTRENDIDX","M","2016-05",99.14503,
"USA","CLI","AMPLITUD","LTRENDIDX","M","2016-06",99.12036,
"USA","CLI","AMPLITUD","LTRENDIDX","M","2016-07",99.0868,
"USA","CLI","AMPLITUD","LTRENDIDX","M","2016-08",99.04611,
